-- 感性推定のためにユーザに選んでもらう観光地情報
INSERT INTO tourist_area (path, area_name, longitude, latitude, season_id, timezone_id, category_id, crowding, weather) VALUES
	('山_1_冬_夜.jpg', '立山', '36.584550', '137.614098', '4', '2', '1', '0', '1'),
	('山_1_冬_昼.jpg', '立山', '36.584550', '137.614098', '4', '1', '1', '0', '2'),
	('山_1_夏_夜.jpg', '立山', '36.584550', '137.614098', '2', '2', '1', '0', '1'),
	('山_1_夏_昼.jpg', '立山', '36.584550', '137.614098', '2', '1', '1', '0', '2'),
	('山_1_春_夜.jpg', '立山', '36.584550', '137.614098', '1', '2', '1', '0', '1'),
	('山_1_春_昼.jpg', '立山', '36.584550', '137.614098', '1', '1', '1', '0', '2'),
	('山_1_秋_夜.jpg', '立山', '36.584550', '137.614098', '3', '2', '1', '0', '1'),
	('山_1_秋_昼.jpg', '立山', '36.584550', '137.614098', '3', '1', '1', '0', '1'),
	('山_2_冬_夜.jpg', '伊吹山', '35.419295', '136.406172', '4', '2', '1', '0', '1'),
	('山_2_冬_昼.jpg', '伊吹山', '35.419295', '136.406172', '4', '1', '1', '0.03', '2'),
	('山_2_夏_夜.jpg', '伊吹山', '35.419295', '136.406172', '2', '2', '1', '0', '1'),
	('山_2_夏_昼.jpg', '伊吹山', '35.419295', '136.406172', '2', '1', '1', '0', '2'),
	('山_2_春_夜.jpg', '伊吹山', '35.419295', '136.406172', '1', '2', '1', '0', '1'),
	('山_2_春_昼.jpg', '伊吹山', '35.419295', '136.406172', '1', '1', '1', '0', '1'),
	('山_2_秋_夜.jpg', '伊吹山', '35.419295', '136.406172', '3', '2', '1', '0', '1'),
	('山_2_秋_昼.jpg', '伊吹山', '35.419295', '136.406172', '3', '1', '1', '0', '2'),
	('温泉_1_冬_夜.jpg', '草津温泉', '36.683360', '138.555817', '4', '2', '2', '0.01', '1'),
	('温泉_1_冬_昼.jpg', '草津温泉', '36.683360', '138.555817', '4', '1', '2', '0', '1'),
	('温泉_1_夏_夜.jpg', '草津温泉', '36.683360', '138.555817', '2', '2', '2', '0', '1'),
	('温泉_1_夏_昼.jpg', '草津温泉', '36.683360', '138.555817', '2', '1', '2', '0', '1'),
	('温泉_1_春_夜.jpg', '草津温泉', '36.683360', '138.555817', '1', '2', '2', '0', '2'),
	('温泉_1_春_昼.jpg', '草津温泉', '36.683360', '138.555817', '1', '1', '2', '0', '1'),
	('温泉_1_秋_夜.jpg', '草津温泉', '36.683360', '138.555817', '3', '2', '2', '0', '1'),
	('温泉_1_秋_昼.jpg', '草津温泉', '36.683360', '138.555817', '3', '1', '2', '0', '1'),
	('温泉_2_冬_夜.jpg', '別府温泉', '33.297844', '131.484086', '4', '2', '2', '0', '1'),
	('温泉_2_冬_昼.jpg', '別府温泉', '33.297844', '131.484086', '4', '1', '2', '0', '1'),
	('温泉_2_夏_夜.jpg', '別府温泉', '33.297844', '131.484086', '2', '2', '2', '0', '2'),
	('温泉_2_夏_昼.jpg', '別府温泉', '33.297844', '131.484086', '2', '1', '2', '0', '1'),
	('温泉_2_春_夜.jpg', '別府温泉', '33.297844', '131.484086', '1', '2', '2', '0', '1'),
	('温泉_2_春_昼.jpg', '別府温泉', '33.297844', '131.484086', '1', '1', '2', '0', '1'),
	('温泉_2_秋_夜.jpg', '別府温泉', '33.297844', '131.484086', '3', '2', '2', '0', '2'),
	('温泉_2_秋_昼.jpg', '別府温泉', '33.297844', '131.484086', '3', '1', '2', '0.01', '2'),
	('神社_1_冬_夜.jpg', '伊勢神宮', '34.454992', '136.725447', '4', '2', '3', '0.02', '1'),
	('神社_1_冬_昼.jpg', '伊勢神宮', '34.454992', '136.725447', '4', '1', '3', '0', '4'),
	('神社_1_夏_夜.jpg', '伊勢神宮', '34.454992', '136.725447', '2', '2', '3', '0.05', '2'),
	('神社_1_夏_昼.jpg', '伊勢神宮', '34.454992', '136.725447', '2', '1', '3', '0.02', '1'),
	('神社_1_春_夜.jpg', '伊勢神宮', '34.454992', '136.725447', '1', '2', '3', '0.03', '1'),
	('神社_1_春_昼.jpg', '伊勢神宮', '34.454992', '136.725447', '1', '1', '3', '0', '2'),
	('神社_1_秋_夜.jpg', '伊勢神宮', '34.454992', '136.725447', '3', '2', '3', '0', '1'),
	('神社_1_秋_昼.jpg', '伊勢神宮', '34.454992', '136.725447', '3', '1', '3', '0', '2'),
	('神社_2_冬_夜.jpg', '金閣寺', '35.039628', '135.729288', '4', '2', '3', '0', '4'),
	('神社_2_冬_昼.jpg', '金閣寺', '35.039628', '135.729288', '4', '1', '3', '0', '1'),
	('神社_2_夏_夜.jpg', '金閣寺', '35.039628', '135.729288', '2', '2', '3', '0', '1'),
	('神社_2_夏_昼.jpg', '金閣寺', '35.039628', '135.729288', '2', '1', '3', '0', '2'),
	('神社_2_春_夜.jpg', '金閣寺', '35.039628', '135.729288', '1', '2', '3', '0', '1'),
	('神社_2_春_昼.jpg', '金閣寺', '35.039628', '135.729288', '1', '1', '3', '0', '1'),
	('神社_2_秋_夜.jpg', '金閣寺', '35.039628', '135.729288', '3', '2', '3', '0', '2'),
	('神社_2_秋_昼.jpg', '金閣寺', '35.039628', '135.729288', '3', '1', '3', '0', '2');
	
	
-- それぞれの観光地の色彩ヒストグラム
INSERT INTO colorhistgram (red, orange, yellow, green, blue, indigo, purple, black, gray, white) VALUES
	('0', '81', '0', '0', '2', '65421', '6312', '15086', '153063', '35'),
	('0', '132581', '0', '0', '0', '9686', '63012', '10330', '24073', '318'),
	('0', '54', '1', '0', '0', '2748', '278', '119065', '117839', '15'),
	('5174', '86853', '0', '0', '0', '9771', '11138', '8017', '93915', '25132'),
	('0', '0', '0', '0', '0', '1', '1', '233003', '6995', '0'),
	('0', '132581', '0', '0', '0', '9686', '63012', '10330', '24073', '318'),
	('367', '33275', '219', '3', '891', '20879', '69491', '59285', '53624', '1966'),
	('34107', '42221', '294', '0', '4334', '22183', '64074', '18994', '45066', '8727'),
	('0', '166', '0', '0', '0', '8477', '5166', '103846', '122345', '0'),
	('4', '174063', '0', '0', '1', '4758', '29293', '9055', '22623', '203'),
	('0', '4898', '0', '0', '0', '19842', '12154', '76547', '125726', '833'),
	('0', '39770', '111', '2', '187', '34581', '57620', '12286', '73135', '22308'),
	('0', '675', '23', '0', '0', '24261', '28667', '94537', '91597', '240'),
	('222', '118975', '0', '4', '39', '14115', '78216', '2472', '18691', '7266'),
	('0', '6', '0', '0', '0', '47454', '3934', '68564', '120040', '2'),
	('124241', '27490', '353', '15', '3500', '11873', '36474', '2346', '8875', '24833'),
	('1', '35027', '307', '0', '10201', '13536', '37517', '72977', '32146', '38288'),
	('0', '45903', '0', '0', '0', '45800', '82437', '8894', '48496', '8470'),
	('0', '13364', '0', '0', '40', '28901', '47021', '24298', '123169', '3207'),
	('3', '26548', '0', '0', '0', '19458', '43786', '87698', '59140', '3367'),
	('7', '11716', '5558', '1', '1362', '36715', '38151', '32129', '107109', '7252'),
	('0', '40306', '0', '0', '0', '22592', '62789', '39547', '63408', '11358'),
	('13910', '52229', '25', '0', '4696', '14566', '38134', '63013', '40164', '13263'),
	('183', '18767', '6', '0', '6051', '15218', '21651', '52386', '99268', '26470'),
	('0', '41583', '0', '0', '670', '19034', '32311', '60557', '67455', '18390'),
	('0', '41794', '0', '0', '0', '27207', '59218', '21404', '71759', '18618'),
	('802', '17313', '24', '29', '4170', '28769', '36757', '64541', '85431', '2164'),
	('0', '14691', '725', '0', '23', '30335', '38394', '62549', '89540', '3743'),
	('4', '10151', '2', '25', '400', '22560', '37630', '71264', '95289', '2675'),
	('0', '38970', '21', '0', '62', '17649', '48950', '68775', '57275', '8298'),
	('2861', '6314', '574', '0', '848', '12243', '10283', '66461', '117418', '22998'),
	('16', '49024', '93', '0', '777', '30257', '61163', '22481', '66059', '10130'),
	('0', '5044', '0', '0', '0', '6868', '11062', '178557', '36375', '2094'),
	('0', '93395', '0', '0', '0', '9625', '39203', '25441', '67893', '4443'),
	('3', '3049', '0', '0', '1424', '9012', '12282', '175312', '37798', '1120'),
	('0', '22134', '25', '0', '0', '19247', '32001', '67178', '88415', '11000'),
	('7', '16137', '0', '0', '2', '17808', '45145', '124208', '36115', '578'),
	('0', '74738', '0', '0', '0', '18455', '66766', '11328', '24425', '44288'),
	('119', '13661', '7114', '0', '893', '49645', '43781', '29501', '90540', '4746'),
	('0', '66576', '0', '0', '0', '19073', '74817', '30527', '47482', '1525'),
	('0', '13263', '0', '0', '0', '48790', '79500', '36204', '60386', '1857'),
	('6908', '43403', '0', '0', '307', '27641', '64436', '21361', '60109', '15835'),
	('0', '8564', '0', '0', '2', '3960', '11783', '202046', '13489', '156'),
	('0', '29817', '1', '0', '22', '20233', '23297', '46066', '89193', '31371'),
	('0', '11999', '0', '0', '0', '6627', '14848', '177598', '24866', '4062'),
	('0', '56449', '150', '0', '15', '23947', '58656', '16804', '80994', '2985'),
	('0', '5041', '10', '0', '173', '4770', '6670', '194061', '28679', '596'),
	('68', '48256', '3', '0', '991', '27932', '51367', '16366', '79450', '15567');

-- 観光地の季節
INSERT INTO season (season_id, season) 
VALUES
(1, '春'),
(2, '夏'),
(3, '秋'),
(4, '冬');

-- 観光地の時間帯
INSERT INTO timezone (timezone_id, timezone) 
VALUES
(1, '朝昼'),
(2, '夜');

-- 観光地のカテゴリー
INSERT INTO category (category_id, category) 
VALUES
(1, '山'),
(2, '温泉'),
(3, '神社');

-- 天気
INSERT INTO weather (weather_id, weather) VALUES
	('1', '晴'),
	('2', '曇'),
	('3', '雨'),
	('4', '雪');

-- 感性語と色彩の対応表
INSERT INTO color2imp (imp_name, red, orange, yellow, green, blue, indigo, purple, black, gray, white) VALUES
	('楽しい', '8', '10', '9', '6', '5', '3', '4', '1', '2', '7'),
	('賑やかな', '10', '9', '8', '3', '5', '4', '6', '1', '2', '7'),
	('ゆっくり', '1', '2', '3', '10', '9', '5', '4', '6', '7', '8'),
	('気が晴れる', '4', '5', '6', '10', '8', '7', '3', '1', '2', '9'),
	('面白い', '8', '10', '9', '1', '2', '3', '6', '4', '5', '7'),
	('わいわい', '8', '9', '10', '4', '5', '3', '6', '1', '2', '7'),
	('はしゃぐ', '6', '8', '7', '3', '5', '2', '9', '1', '4', '10'),
	('のんびり', '1', '3', '2', '10', '9', '8', '4', '7', '6', '5'),
	('うきうき', '7', '10', '9', '1', '6', '2', '8', '3', '4', '5'),
	('落ち着いた', '1', '5', '3', '7', '6', '4', '2', '8', '10', '9'),
	('田舎', '1', '2', '3', '10', '9', '5', '4', '6', '7', '8'),
	('わくわく', '10', '9', '8', '1', '3', '2', '7', '4', '5', '6'),
	('きれい', '1', '8', '2', '10', '9', '5', '6', '4', '3', '7'),
	('癒される', '1', '2', '3', '9', '10', '7', '4', '6', '5', '8'),
	('まったり', '1', '2', '3', '10', '4', '5', '6', '9', '8', '7');
	


-- その他の感性による重みづけ
INSERT INTO imp_weight (season_spring, season_summer, season_fall, season_winter, time_morning2noon, time_night, category_mountain, category_hotspring, category_temple) VALUES
	('1', '2', '1', '1', '2', '1', '1', '2', '1'),
	('2', '2', '1', '1', '2', '1', '1', '2', '1'),
	('1', '1', '2', '2', '1', '2', '2', '1', '2'),
	('1', '1', '1', '1', '2', '1', '2', '1', '1'),
	('1', '2', '1', '1', '2', '1', '1', '2', '1'),
	('1', '2', '1', '1', '1', '1', '1', '2', '1'),
	('1', '1', '1', '1', '2', '1', '1', '2', '1'),
	('1', '1', '2', '1', '1', '2', '2', '2', '1'),
	('2', '1', '1', '1', '2', '1', '1', '2', '1'),
	('1', '1', '2', '2', '1', '2', '2', '1', '2'),
	('1', '1', '2', '2', '1', '1', '1', '1', '2'),
	('2', '1', '1', '1', '2', '1', '2', '1', '1'),
	('2', '1', '2', '2', '1', '1', '2', '1', '1'),
	('1', '1', '2', '1', '1', '1', '2', '2', '1'),
	('1', '1', '2', '2', '1', '1', '1', '2', '1');

-- 推薦用の観光地情報
INSERT INTO return_tourist_area (r_path, r_area_name, r_longitude, r_latitude, r_season_id, r_timezone_id, r_weather_id, r_category_id, r_crowding) VALUES
	('1', '山1', '140.078962', '35.939534', '1', '1', '1', '1', '0'),
	('2', '山2', '140.039475', '34.806459', '1', '1', '2', '1', '0'),
	('3', '山3', '135.381035', '37.21273', '1', '1', '3', '1', '0'),
	('4', '山4', '141.26876', '32.646119', '1', '2', '1', '1', '0'),
	('5', '山5', '139.022281', '36.371425', '1', '2', '2', '1', '0'),
	('6', '山6', '139.518943', '35.438319', '1', '2', '3', '1', '0'),
	('7', '山7', '139.734162', '31.564121', '2', '1', '1', '1', '0'),
	('8', '山8', '135.044704', '36.748372', '2', '1', '2', '1', '0'),
	('9', '山9', '136.813524', '39.005227', '2', '1', '3', '1', '0'),
	('10', '山10', '144.0277', '34.719644', '2', '2', '1', '1', '0'),
	('11', '山11', '141.237414', '35.58508', '2', '2', '2', '1', '0'),
	('12', '山12', '136.050272', '38.412648', '2', '2', '3', '1', '0'),
	('13', '山13', '136.9533', '37.589638', '3', '1', '1', '1', '0'),
	('14', '山14', '141.670684', '38.325623', '3', '1', '2', '1', '0'),
	('15', '山15', '140.115699', '36.054524', '3', '1', '3', '1', '0'),
	('16', '山16', '140.636618', '34.347677', '3', '2', '1', '1', '0'),
	('17', '山17', '141.626602', '36.742878', '3', '2', '2', '1', '0'),
	('18', '山18', '144.867832', '36.250126', '3', '2', '3', '1', '0'),
	('19', '山19', '139.256429', '35.842331', '4', '1', '1', '1', '0'),
	('20', '山20', '140.143126', '36.013506', '4', '1', '2', '1', '0'),
	('21', '山21', '137.181453', '36.02019', '4', '1', '3', '1', '0'),
	('22', '山22', '138.945172', '40.006404', '4', '1', '4', '1', '0'),
	('23', '山23', '137.866005', '35.897745', '4', '2', '1', '1', '0'),
	('24', '山24', '138.662405', '35.858203', '4', '2', '2', '1', '0'),
	('25', '山25', '134.964133', '36.143453', '4', '2', '3', '1', '0'),
	('26', '山26', '139.84552', '35.299223', '4', '2', '4', '1', '0'),
	('27', '温泉27', '142.608827', '34.28845', '1', '1', '1', '2', '0'),
	('28', '温泉28', '139.245044', '34.308422', '1', '1', '2', '2', '0'),
	('29', '温泉29', '143.724486', '35.485874', '1', '1', '3', '2', '0'),
	('30', '温泉30', '140.054542', '35.554268', '1', '2', '1', '2', '0.003'),
	('31', '温泉31', '143.17851', '33.748517', '1', '2', '2', '2', '0.003'),
	('32', '温泉32', '138.916663', '35.729355', '1', '2', '3', '2', '0.008'),
	('33', '温泉33', '143.696769', '33.65065', '2', '1', '1', '2', '0.303'),
	('34', '温泉34', '140.130013', '36.500845', '2', '1', '2', '2', '0'),
	('35', '温泉35', '137.989723', '34.971501', '2', '1', '3', '2', '0.001'),
	('36', '温泉36', '140.804073', '34.685712', '2', '2', '1', '2', '0'),
	('37', '温泉37', '138.871005', '34.162062', '2', '2', '2', '2', '0'),
	('38', '温泉38', '139.761845', '35.51607', '2', '2', '3', '2', '0.007'),
	('39', '温泉39', '140.855669', '34.855985', '3', '1', '1', '2', '0'),
	('40', '温泉40', '137.869263', '38.36424', '3', '1', '2', '2', '0'),
	('41', '温泉41', '140.418105', '35.701057', '3', '1', '3', '2', '0'),
	('42', '温泉42', '135.332356', '37.986138', '3', '2', '1', '2', '0'),
	('43', '温泉43', '139.090022', '32.52076', '3', '2', '2', '2', '0'),
	('44', '温泉44', '140.54648', '35.913', '3', '2', '3', '2', '0'),
	('45', '温泉45', '144.709075', '34.768684', '4', '1', '1', '2', '0'),
	('46', '温泉46', '142.983815', '35.833649', '4', '1', '2', '2', '0.008'),
	('47', '温泉47', '137.768165', '36.105746', '4', '1', '3', '2', '0.151'),
	('48', '温泉48', '140.313029', '33.362971', '4', '1', '4', '2', '0'),
	('49', '温泉49', '138.275268', '32.780914', '4', '2', '1', '2', '0.007'),
	('50', '温泉50', '140.000074', '33.950581', '4', '2', '2', '2', '0.005'),
	('51', '温泉51', '138.759797', '37.18465', '4', '2', '3', '2', '0.056'),
	('52', '温泉52', '140.307234', '39.216737', '4', '2', '4', '2', '0.024'),
	('53', '神社53', '145.169833', '35.484704', '1', '1', '1', '3', '0.008'),
	('54', '神社54', '138.295865', '38.62994', '1', '1', '2', '3', '0'),
	('55', '神社55', '141.162644', '38.833976', '1', '1', '3', '3', '0'),
	('56', '神社56', '135.558105', '37.976523', '1', '2', '1', '3', '0'),
	('57', '神社57', '140.08548', '35.731316', '1', '2', '2', '3', '0.001'),
	('58', '神社58', '138.919236', '37.437041', '1', '2', '3', '3', '0.028'),
	('59', '神社59', '138.543754', '36.223172', '2', '1', '1', '3', '0'),
	('60', '神社60', '140.812972', '35.087138', '2', '1', '2', '3', '0'),
	('61', '神社61', '141.02833', '36.937515', '2', '1', '3', '3', '0'),
	('62', '神社62', '139.935021', '39.745937', '2', '2', '1', '3', '0'),
	('63', '神社63', '135.561742', '33.116361', '2', '2', '2', '3', '0'),
	('64', '神社64', '141.851117', '34.632616', '2', '2', '3', '3', '0'),
	('65', '神社65', '139.578285', '33.183324', '3', '1', '1', '3', '0'),
	('66', '神社66', '138.49481', '31.896816', '3', '1', '2', '3', '0'),
	('67', '神社67', '139.608142', '35.988498', '3', '1', '3', '3', '0'),
	('68', '神社68', '143.146624', '33.607017', '3', '2', '1', '3', '0'),
	('69', '神社69', '139.797001', '35.753067', '3', '2', '2', '3', '0'),
	('70', '神社70', '137.741005', '33.42005', '3', '2', '3', '3', '0.003'),
	('71', '神社71', '141.308194', '39.76791', '4', '1', '1', '3', '0'),
	('72', '神社72', '139.704766', '35.788266', '4', '1', '2', '3', '0'),
	('73', '神社73', '139.778891', '35.672181', '4', '1', '3', '3', '0.019'),
	('74', '神社74', '139.422437', '35.9577', '4', '1', '4', '3', '0'),
	('75', '神社75', '139.878165', '35.927562', '4', '2', '1', '3', '0'),
	('76', '神社76', '141.064456', '33.563835', '4', '2', '2', '3', '0'),
	('77', '神社77', '145.097352', '36.728713', '4', '2', '3', '3', '0'),
	('78', '神社78', '144.532192', '37.105545', '4', '2', '4', '3', '0');

-- 推薦用の観光地情報の色彩ヒストグラム
INSERT INTO return_colorhistgram (r_red, r_orange, r_yellow, r_green, r_blue, r_indigo, r_purple, r_black, r_gray, r_white) VALUES
	('6', '31708', '95', '0', '229', '10976', '61542', '8728', '44469', '82247'),
	('0', '21670', '0', '0', '0', '5361', '77147', '5190', '62394', '68238'),
	('2', '11013', '13', '76', '27', '743', '81695', '721', '58912', '86798'),
	('0', '8869', '6', '0', '0', '95', '74204', '55865', '84137', '16824'),
	('0', '477', '0', '0', '0', '64103', '30002', '114057', '31085', '276'),
	('1', '594', '1', '0', '43', '58981', '3862', '102631', '72955', '932'),
	('26784', '43794', '0', '0', '1', '33201', '41320', '10664', '50206', '34030'),
	('8921', '42185', '353', '0', '1', '63539', '24041', '1758', '21588', '77614'),
	('0', '2663', '0', '0', '0', '0', '26214', '64133', '86911', '60079'),
	('0', '610', '4', '0', '29', '5566', '2705', '83444', '144792', '2850'),
	('0', '84250', '0', '0', '4', '9132', '54222', '68850', '18568', '4974'),
	('0', '502', '0', '0', '0', '540', '41864', '94354', '97523', '5217'),
	('73644', '45235', '0', '0', '327', '64223', '30839', '8126', '17039', '567'),
	('4', '31571', '10', '0', '1813', '71042', '22562', '8935', '29268', '74795'),
	('0', '2804', '0', '0', '0', '11113', '66385', '44820', '87257', '27621'),
	('0', '21290', '404', '5', '716', '121605', '35176', '23330', '36220', '1254'),
	('5', '19553', '10', '0', '809', '47462', '44209', '84740', '42926', '286'),
	('0', '2459', '4', '0', '8', '8737', '7590', '176271', '44260', '671'),
	('0', '72740', '0', '0', '0', '58532', '37428', '1353', '35024', '34923'),
	('0', '7994', '0', '0', '0', '3573', '41185', '18319', '76890', '92039'),
	('0', '27', '0', '0', '0', '0', '55889', '403', '102652', '81029'),
	('0', '0', '0', '0', '0', '0', '83338', '6379', '123235', '27048'),
	('0', '28966', '0', '0', '0', '51264', '21751', '18485', '92027', '27507'),
	('0', '127', '0', '0', '0', '23149', '100130', '8262', '105031', '3301'),
	('0', '0', '0', '0', '0', '6', '5722', '16', '234256', '0'),
	('0', '0', '0', '0', '0', '1', '70069', '13096', '156834', '0'),
	('0', '629', '0', '0', '0', '3827', '53385', '65147', '92806', '24206'),
	('0', '404', '0', '0', '0', '320', '57029', '33493', '75644', '73110'),
	('0', '278', '2', '0', '0', '703', '63099', '29380', '117268', '29270'),
	('0', '35675', '0', '0', '26', '86272', '31822', '71822', '4979', '9404'),
	('0', '63714', '0', '0', '2', '21181', '24723', '39082', '84245', '7053'),
	('4', '2789', '0', '0', '36', '29941', '5234', '165128', '29112', '7756'),
	('0', '6495', '8787', '0', '4', '2412', '92118', '12052', '81687', '36445'),
	('0', '1846', '0', '0', '0', '0', '73218', '23688', '82011', '59237'),
	('0', '6', '0', '0', '0', '60', '18082', '60890', '105196', '55766'),
	('14', '42737', '340', '0', '2057', '47232', '3217', '138796', '2341', '3266'),
	('0', '7307', '53', '0', '1385', '24489', '2635', '129399', '22894', '51838'),
	('0', '9958', '1233', '0', '6273', '65134', '14440', '86522', '47333', '9107'),
	('0', '66122', '0', '16', '6', '36603', '69187', '17354', '37387', '13325'),
	('0', '24504', '101', '0', '2578', '19158', '55469', '15798', '105505', '16887'),
	('0', '1469', '0', '0', '0', '26173', '27519', '25319', '85388', '74132'),
	('121', '41349', '1226', '0', '7985', '134885', '5209', '38690', '9882', '653'),
	('0', '13533', '1195', '0', '3067', '76326', '1602', '101816', '41080', '1381'),
	('0', '4557', '129', '0', '224', '52344', '4615', '157137', '17327', '3667'),
	('0', '449', '0', '0', '0', '3784', '91735', '22948', '92858', '28226'),
	('0', '836', '0', '0', '0', '1552', '42424', '36878', '105190', '53120'),
	('0', '2208', '3', '0', '12', '757', '37649', '50780', '116903', '31688'),
	('0', '9171', '0', '0', '0', '2', '55750', '34591', '70041', '70445'),
	('0', '15924', '76', '0', '1444', '35407', '38291', '33390', '103181', '12287'),
	('29613', '33507', '296', '0', '859', '38352', '10369', '102126', '23571', '1307'),
	('0', '8574', '215', '0', '382', '35120', '11590', '123527', '53496', '7096'),
	('1', '25922', '0', '4', '0', '51509', '39880', '25077', '73453', '24154'),
	('0', '649', '0', '0', '0', '364', '54707', '30004', '95951', '58325'),
	('0', '1011', '0', '0', '0', '820', '44291', '68764', '71530', '53584'),
	('842', '6100', '0', '37170', '0', '10077', '33170', '54225', '54950', '43466'),
	('0', '2912', '0', '0', '3', '37728', '20591', '102348', '70795', '5623'),
	('0', '2411', '0', '0', '11', '12672', '26989', '128174', '61668', '8075'),
	('1', '16779', '12', '0', '426', '68314', '15923', '50647', '62000', '25898'),
	('0', '13037', '82', '1', '3', '9571', '45113', '36810', '50802', '84581'),
	('0', '17283', '0', '0', '0', '624', '21602', '48785', '98684', '53022'),
	('0', '1349', '0', '0', '0', '11091', '14693', '147388', '64709', '770'),
	('39', '10742', '0', '0', '37', '53730', '4989', '114553', '52482', '3428'),
	('1212', '13106', '43', '192', '207', '51042', '6633', '122392', '34047', '11126'),
	('204', '7727', '9', '0', '112', '60226', '4374', '105430', '57654', '4264'),
	('2369', '49569', '0', '24', '0', '80989', '12430', '44636', '40871', '9112'),
	('0', '8332', '3', '41', '8', '42102', '58363', '27840', '62411', '40900'),
	('0', '3984', '0', '0', '0', '6100', '35884', '39604', '131356', '23072'),
	('94', '22521', '0', '0', '1053', '87061', '2340', '105291', '20767', '873'),
	('8', '11674', '401', '0', '1457', '27647', '2991', '177745', '11857', '6220'),
	('673', '27640', '214', '0', '132', '26848', '14849', '103093', '56100', '10451'),
	('34064', '33420', '0', '0', '0', '9389', '56786', '12625', '52849', '40867'),
	('0', '17252', '0', '0', '12', '12195', '36153', '35278', '77469', '61641'),
	('14', '17916', '0', '0', '0', '21570', '49660', '43889', '71246', '35705'),
	('16886', '28251', '0', '401', '0', '4556', '38302', '5975', '31388', '114241'),
	('0', '5238', '0', '0', '0', '25493', '24871', '95264', '54491', '34643'),
	('118', '40017', '1', '0', '1063', '130686', '8213', '49142', '1650', '9110'),
	('0', '6779', '0', '0', '10', '37113', '15097', '137309', '39120', '4572'),
	('1448', '51703', '16', '3', '327', '83879', '21734', '27817', '47270', '5803');